slot_key,venue_id,venue_name,field_id,field_name,date,time_slot,price,status
2110_4356_23:00,2110,Hobi Padel Meruya,4356,Court 1,2026-09-04,23:00 - 00:00,98000,Booked
2110_6157_23:00,2110,Hobi Padel Meruya,6157,Court 2,2026-09-04,23:00 - 00:00,98000,Available
2110_6158_23:00,2110,Hobi Padel Meruya,6158,Court 3,2026-09-04,23:00 - 00:00,98000,Available
2110_6159_23:00,2110,Hobi Padel Meruya,6159,Court 4,2026-09-04,23:00 - 00:00,98000,Available
3358_8176_23:00,3358,Kaia Padel Reserve,8176,Court A (Green),2026-09-04,23:00 - 00:00,100000,Available
3358_8193_23:00,3358,Kaia Padel Reserve,8193,Court B (Terracotta),2026-09-04,23:00 - 00:00,100000,Available
3358_8194_23:00,3358,Kaia Padel Reserve,8194,Court C (Green),2026-09-04,23:00 - 00:00,100000,Available
3358_8195_23:00,3358,Kaia Padel Reserve,8195,Court D (Terracotta),2026-09-04,23:00 - 00:00,100000,Available
3358_8196_23:00,3358,Kaia Padel Reserve,8196,Court E (Green),2026-09-04,23:00 - 00:00,100000,Available
2415_5095_23:00,2415,Padelin,5095,Court 1,2026-09-04,23:00 - 00:00,100000,Available
2415_7551_23:00,2415,Padelin,7551,Court 2,2026-09-04,23:00 - 00:00,100000,Available
2415_7552_23:00,2415,Padelin,7552,Court 3,2026-09-04,23:00 - 00:00,100000,Available
3308_8017_23:00,3308,Angke Padel,8017,Court A,2026-09-04,23:00 - 00:00,100000,Available
3308_8333_23:00,3308,Angke Padel,8333,Court B,2026-09-04,23:00 - 00:00,100000,Available
3308_8334_23:00,3308,Angke Padel,8334,Court C,2026-09-04,23:00 - 00:00,100000,Available
3308_8335_23:00,3308,Angke Padel,8335,Court D,2026-09-04,23:00 - 00:00,100000,Available
3308_8336_23:00,3308,Angke Padel,8336,Court E,2026-09-04,23:00 - 00:00,100000,Available
3308_8337_23:00,3308,Angke Padel,8337,Court F,2026-09-04,23:00 - 00:00,100000,Available
3232_8048_23:00,3232,Powerhouse Padel AZURE Taman Surya,8048,Court A,2026-09-04,23:00 - 00:00,75000,Booked
3232_8132_23:00,3232,Powerhouse Padel AZURE Taman Surya,8132,Court B,2026-09-04,23:00 - 00:00,75000,Available
3232_8133_23:00,3232,Powerhouse Padel AZURE Taman Surya,8133,Court C,2026-09-04,23:00 - 00:00,75000,Available
3232_8134_23:00,3232,Powerhouse Padel AZURE Taman Surya,8134,Court D,2026-09-04,23:00 - 00:00,75000,Available
3416_8364_23:00,3416,Cosmo Padel,8364,Court 1,2026-09-04,23:00 - 00:00,128000,Available
3416_8865_23:00,3416,Cosmo Padel,8865,Court 2,2026-09-04,23:00 - 00:00,128000,Available
2906_6677_23:00,2906,Padel Quarter,6677,Elite Court,2026-09-04,23:00 - 00:00,90000,Available
2906_6678_23:00,2906,Padel Quarter,6678,Court 1,2026-09-04,23:00 - 00:00,80000,Booked
2906_6679_23:00,2906,Padel Quarter,6679,Court 2,2026-09-04,23:00 - 00:00,80000,Available
2906_6680_23:00,2906,Padel Quarter,6680,Court 3,2026-09-04,23:00 - 00:00,80000,Available
4103_10155_23:00,4103,Golcindo Padel Club,10155,Court 1,2026-09-04,23:00 - 00:00,99000,Available
4103_10156_23:00,4103,Golcindo Padel Club,10156,Court 2,2026-09-04,23:00 - 00:00,99000,Available
1922_4080_23:00,1922,Kobana Padel,4080,Court 1,2026-09-04,23:00 - 00:00,240000,Available
1922_4272_23:00,1922,Kobana Padel,4272,Court 2,2026-09-04,23:00 - 00:00,240000,Available
1922_4273_23:00,1922,Kobana Padel,4273,Court 3,2026-09-04,23:00 - 00:00,240000,Available
3139_7379_23:00,3139,PIPC - Play In Padel Collective - Srengseng,7379,Court 1,2026-09-04,23:00 - 00:00,100000,Booked
3139_7380_23:00,3139,PIPC - Play In Padel Collective - Srengseng,7380,Court 2,2026-09-04,23:00 - 00:00,100000,Available
3139_7381_23:00,3139,PIPC - Play In Padel Collective - Srengseng,7381,Court 3,2026-09-04,23:00 - 00:00,100000,Available
3139_7382_23:00,3139,PIPC - Play In Padel Collective - Srengseng,7382,Court 4,2026-09-04,23:00 - 00:00,100000,Booked
3139_7383_23:00,3139,PIPC - Play In Padel Collective - Srengseng,7383,Court 5,2026-09-04,23:00 - 00:00,100000,Available
3139_7384_23:00,3139,PIPC - Play In Padel Collective - Srengseng,7384,Court 6,2026-09-04,23:00 - 00:00,100000,Available
3854_10231_23:00,3854,Malta Padel Club,10231,Court 1,2026-09-04,23:00 - 00:00,200000,Available
3854_10232_23:00,3854,Malta Padel Club,10232,Court 2,2026-09-04,23:00 - 00:00,200000,Available
3854_10233_23:00,3854,Malta Padel Club,10233,Court 3,2026-09-04,23:00 - 00:00,200000,Available
3854_9463_23:00,3854,Malta Padel Club,9463,Centre Court,2026-09-04,23:00 - 00:00,200000,Available
3854_10234_23:00,3854,Malta Padel Club,10234,Court 5,2026-09-04,23:00 - 00:00,200000,Available
1368_2569_23:00,1368,Vlocity Arena,2569,Tennis 1,2026-09-04,23:00 - 00:00,330000,Available
1368_2593_23:00,1368,Vlocity Arena,2593,Tennis 2,2026-09-04,23:00 - 00:00,330000,Available
1368_2596_23:00,1368,Vlocity Arena,2596,Padel Grandstand,2026-09-04,23:00 - 00:00,275000,Available
1368_2597_23:00,1368,Vlocity Arena,2597,Padel 1,2026-09-04,23:00 - 00:00,275000,Available
1368_2598_23:00,1368,Vlocity Arena,2598,Padel 2,2026-09-04,23:00 - 00:00,275000,Available
1368_2599_23:00,1368,Vlocity Arena,2599,Padel 3,2026-09-04,23:00 - 00:00,275000,Available
1368_2600_23:00,1368,Vlocity Arena,2600,Padel 4,2026-09-04,23:00 - 00:00,275000,Available
1368_2601_23:00,1368,Vlocity Arena,2601,Padel 5,2026-09-04,23:00 - 00:00,275000,Available
1368_2595_23:00,1368,Vlocity Arena,2595,Badminton 1,2026-09-04,23:00 - 00:00,78000,Available
1368_2594_23:00,1368,Vlocity Arena,2594,Badminton 2,2026-09-04,23:00 - 00:00,78000,Available
3155_7438_23:00,3155,KOTA COURTS by PADELGRID Mangga Besar,7438,KC 1,2026-09-04,23:00 - 00:00,150000,Booked
3155_8605_23:00,3155,KOTA COURTS by PADELGRID Mangga Besar,8605,KC 2,2026-09-04,23:00 - 00:00,150000,Booked
3155_8606_23:00,3155,KOTA COURTS by PADELGRID Mangga Besar,8606,KC 3,2026-09-04,23:00 - 00:00,150000,Booked
1262_2281_23:00,1262,EZ Padel Tomang,2281,Court A,2026-09-04,23:00 - 00:00,169000,Booked
1262_2479_23:00,1262,EZ Padel Tomang,2479,Court B,2026-09-04,23:00 - 00:00,169000,Booked
1262_2480_23:00,1262,EZ Padel Tomang,2480,Court C,2026-09-04,23:00 - 00:00,169000,Available
1262_2481_23:00,1262,EZ Padel Tomang,2481,Court D,2026-09-04,23:00 - 00:00,169000,Available
2792_6416_23:00,2792,Donkey Padel,6416,Court 1,2026-09-04,23:00 - 00:00,99000,Available
2792_6439_23:00,2792,Donkey Padel,6439,Court 2,2026-09-04,23:00 - 00:00,99000,Available
1812_3895_23:00,1812,Terra Padel Court,3895,Court A,2026-09-04,23:00 - 00:00,99000,Available
1812_7091_23:00,1812,Terra Padel Court,7091,Court B,2026-09-04,23:00 - 00:00,99000,Available
2334_8120_23:00,2334,Playfieldcourt - Palmerah,8120,Maincourt - Basket,2026-09-04,23:00 - 00:00,275000,Available
2334_8123_23:00,2334,Playfieldcourt - Palmerah,8123,Maincourt - Volley,2026-09-04,23:00 - 00:00,275000,Available
2334_8121_23:00,2334,Playfieldcourt - Palmerah,8121,Sidecourt - Basket,2026-09-04,23:00 - 00:00,220000,Available
2334_8122_23:00,2334,Playfieldcourt - Palmerah,8122,Padel Court,2026-09-04,23:00 - 00:00,110000,Available
1785_3635_23:00,1785,Badel Padel,3635,Ppc 1,2026-09-04,23:00 - 00:00,125000,Booked
1785_4467_23:00,1785,Badel Padel,4467,Ppc 2,2026-09-04,23:00 - 00:00,125000,Booked
1785_4468_23:00,1785,Badel Padel,4468,Ppc 3,2026-09-04,23:00 - 00:00,125000,Available
1785_4469_23:00,1785,Badel Padel,4469,Ppc 4,2026-09-04,23:00 - 00:00,125000,Available
3387_8243_23:00,3387,Tangkas Padel,8243,Court 1,2026-09-04,23:00 - 00:00,200000,Available
3387_8244_23:00,3387,Tangkas Padel,8244,Court 2,2026-09-04,23:00 - 00:00,200000,Available
3387_8245_23:00,3387,Tangkas Padel,8245,Court 3,2026-09-04,23:00 - 00:00,200000,Available
1406_2702_23:00,1406,Boss Padel - Kedoya,2702,Court 1,2026-09-04,23:00 - 00:00,150000,Available
1406_2780_23:00,1406,Boss Padel - Kedoya,2780,My BCA Court,2026-09-04,23:00 - 00:00,150000,Available
1406_2781_23:00,1406,Boss Padel - Kedoya,2781,BRImo Court,2026-09-04,23:00 - 00:00,150000,Available
1406_2782_23:00,1406,Boss Padel - Kedoya,2782,Tolak Linu Court,2026-09-04,23:00 - 00:00,150000,Available
1406_2783_23:00,1406,Boss Padel - Kedoya,2783,C+ Collagen Court,2026-09-04,23:00 - 00:00,100000,Available
1563_3171_23:00,1563,Daily Court,3171,Tennis Outdoor Court,2026-09-04,23:00 - 00:00,210000,Available
1563_3645_23:00,1563,Daily Court,3645,Padel - A,2026-09-04,23:00 - 00:00,100000,Available
1563_3174_23:00,1563,Daily Court,3174,Padel - B,2026-09-04,23:00 - 00:00,100000,Available
1563_3175_23:00,1563,Daily Court,3175,Padel - C,2026-09-04,23:00 - 00:00,100000,Available
1563_3176_23:00,1563,Daily Court,3176,Padel - D,2026-09-04,23:00 - 00:00,100000,Available
1563_3177_23:00,1563,Daily Court,3177,Padel - E,2026-09-04,23:00 - 00:00,100000,Available
1542_6003_23:00,1542,Stone Padel - Citra Garden City,6003,Court 1,2026-09-04,23:00 - 00:00,100000,Available
1542_6004_23:00,1542,Stone Padel - Citra Garden City,6004,Court 2,2026-09-04,23:00 - 00:00,100000,Available
1542_6005_23:00,1542,Stone Padel - Citra Garden City,6005,Court 3,2026-09-04,23:00 - 00:00,100000,Available
1542_3115_23:00,1542,Stone Padel - Citra Garden City,3115,Private Court,2026-09-04,23:00 - 00:00,100000,Available
2997_7157_23:00,2997,"KALMA Social Club - Jl. Panjang, Kedoya",7157,Court 1 Padel,2026-09-04,23:00 - 00:00,199000,Available
2997_7158_23:00,2997,"KALMA Social Club - Jl. Panjang, Kedoya",7158,Court 2 Padel (Center Court),2026-09-04,23:00 - 00:00,199000,Booked
2997_7159_23:00,2997,"KALMA Social Club - Jl. Panjang, Kedoya",7159,Court 3 Padel,2026-09-04,23:00 - 00:00,199000,Booked
2997_7160_23:00,2997,"KALMA Social Club - Jl. Panjang, Kedoya",7160,Court 4 Padel,2026-09-04,23:00 - 00:00,199000,Booked
2997_7161_23:00,2997,"KALMA Social Club - Jl. Panjang, Kedoya",7161,Private Indoor Pickleball Court,2026-09-04,23:00 - 00:00,170000,Available
2246_5096_23:00,2246,Padeloo,5096,Court 1,2026-09-04,23:00 - 00:00,175000,Available
2246_9263_23:00,2246,Padeloo,9263,Court 2,2026-09-04,23:00 - 00:00,175000,Available
2246_9264_23:00,2246,Padeloo,9264,Court 3,2026-09-04,23:00 - 00:00,175000,Available
2667_5975_23:00,2667,Paddle Padel,5975,Court Left,2026-09-04,23:00 - 00:00,200000,Available
2667_5976_23:00,2667,Paddle Padel,5976,Court Right,2026-09-04,23:00 - 00:00,200000,Available
3738_9239_23:00,3738,EL WILLY PADEL,9239,Court 1,2026-09-04,23:00 - 00:00,300000,Available
3738_9240_23:00,3738,EL WILLY PADEL,9240,Court 2,2026-09-04,23:00 - 00:00,300000,Available
1064_1908_23:00,1064,Avion Sports Center,1908,Field A,2026-09-04,23:00 - 00:00,1000000,Available
1064_2352_23:00,1064,Avion Sports Center,2352,Field B,2026-09-04,23:00 - 00:00,1000000,Available
1064_1885_23:00,1064,Avion Sports Center,1885,Biru 1,2026-09-04,23:00 - 00:00,250000,Available
1064_2354_23:00,1064,Avion Sports Center,2354,Biru 2,2026-09-04,23:00 - 00:00,250000,Available
1064_2355_23:00,1064,Avion Sports Center,2355,Biru 3,2026-09-04,23:00 - 00:00,250000,Available
1064_2356_23:00,1064,Avion Sports Center,2356,Biru 4,2026-09-04,23:00 - 00:00,250000,Available
1064_1879_23:00,1064,Avion Sports Center,1879,Hijau 1,2026-09-04,23:00 - 00:00,250000,Available
1064_1880_23:00,1064,Avion Sports Center,1880,Hijau 2,2026-09-04,23:00 - 00:00,250000,Available
3351_8504_23:00,3351,DAAN MOGOT PADEL COURT,8504,Court 1,2026-09-04,23:00 - 00:00,175000,Booked
3351_8505_23:00,3351,DAAN MOGOT PADEL COURT,8505,Court 2,2026-09-04,23:00 - 00:00,175000,Available
3351_8506_23:00,3351,DAAN MOGOT PADEL COURT,8506,Court 3,2026-09-04,23:00 - 00:00,175000,Booked
3351_8507_23:00,3351,DAAN MOGOT PADEL COURT,8507,Court 4,2026-09-04,23:00 - 00:00,175000,Available
3351_8508_23:00,3351,DAAN MOGOT PADEL COURT,8508,Court 5,2026-09-04,23:00 - 00:00,175000,Available
3351_8509_23:00,3351,DAAN MOGOT PADEL COURT,8509,Court 6,2026-09-04,23:00 - 00:00,175000,Available
1268_3728_23:00,1268,Max Padel,3728,Court M,2026-09-04,23:00 - 00:00,125000,Available
1268_3729_23:00,1268,Max Padel,3729,Court A,2026-09-04,23:00 - 00:00,125000,Available
1268_3730_23:00,1268,Max Padel,3730,Court X,2026-09-04,23:00 - 00:00,125000,Available
1268_2393_23:00,1268,Max Padel,2393,Court 1,2026-09-04,23:00 - 00:00,125000,Available
1268_2394_23:00,1268,Max Padel,2394,Court 2,2026-09-04,23:00 - 00:00,125000,Available
1268_2395_23:00,1268,Max Padel,2395,Court 3,2026-09-04,23:00 - 00:00,125000,Available
1268_2396_23:00,1268,Max Padel,2396,Court 4,2026-09-04,23:00 - 00:00,125000,Available
1679_4888_23:00,1679,IPC Padel Club Kedoya,4888,1 Blue,2026-09-04,23:00 - 00:00,150000,Available
1679_6870_23:00,1679,IPC Padel Club Kedoya,6870,2 Blue,2026-09-04,23:00 - 00:00,150000,Available
1679_6871_23:00,1679,IPC Padel Club Kedoya,6871,3 Green,2026-09-04,23:00 - 00:00,150000,Available
1679_6872_23:00,1679,IPC Padel Club Kedoya,6872,4 Green,2026-09-04,23:00 - 00:00,150000,Available
1679_6873_23:00,1679,IPC Padel Club Kedoya,6873,5 Terracotta,2026-09-04,23:00 - 00:00,150000,Available
1679_6874_23:00,1679,IPC Padel Club Kedoya,6874,6 Terracotta,2026-09-04,23:00 - 00:00,150000,Available
1679_6875_23:00,1679,IPC Padel Club Kedoya,6875,7 Pink,2026-09-04,23:00 - 00:00,150000,Available
1679_6876_23:00,1679,IPC Padel Club Kedoya,6876,8 Pink,2026-09-04,23:00 - 00:00,150000,Available
2674_7654_23:00,2674,Roots Padel House,7654,The House,2026-09-04,23:00 - 00:00,149000,Available
332_6129_23:00,332,Fighter Hall,6129,Padel Court,2026-09-04,23:00 - 00:00,100000,Available
332_487_23:00,332,Fighter Hall,487,Hall 1,2026-09-04,23:00 - 00:00,80000,Booked
332_488_23:00,332,Fighter Hall,488,Hall 2,2026-09-04,23:00 - 00:00,80000,Available
332_489_23:00,332,Fighter Hall,489,Hall 3,2026-09-04,23:00 - 00:00,80000,Available
332_490_23:00,332,Fighter Hall,490,Hall 4,2026-09-04,23:00 - 00:00,80000,Available
332_491_23:00,332,Fighter Hall,491,Hall 5,2026-09-04,23:00 - 00:00,80000,Available
2235_4832_23:00,2235,Padre Padel Duri Kosambi,4832,Court 1 - Terracotta,2026-09-04,23:00 - 00:00,150000,Available
2235_5602_23:00,2235,Padre Padel Duri Kosambi,5602,Court 2 - Blue,2026-09-04,23:00 - 00:00,150000,Available
2235_5603_23:00,2235,Padre Padel Duri Kosambi,5603,Court 3 - Blue,2026-09-04,23:00 - 00:00,150000,Available
2235_5604_23:00,2235,Padre Padel Duri Kosambi,5604,Court 4 - Terracotta,2026-09-04,23:00 - 00:00,150000,Available
3565_8801_23:00,3565,Commune Courts,8801,Center Court (Outdoor),2026-09-04,23:00 - 00:00,300000,Available
3565_8795_23:00,3565,Commune Courts,8795,Court 1,2026-09-04,23:00 - 00:00,300000,Available
3565_8796_23:00,3565,Commune Courts,8796,Courts 2,2026-09-04,23:00 - 00:00,300000,Available
3565_8797_23:00,3565,Commune Courts,8797,Court 3,2026-09-04,23:00 - 00:00,300000,Available
3565_8798_23:00,3565,Commune Courts,8798,Court 4,2026-09-04,23:00 - 00:00,300000,Available
3565_8799_23:00,3565,Commune Courts,8799,Court 5,2026-09-04,23:00 - 00:00,300000,Available
2140_4413_23:00,2140,RacketGo Citra 5,4413,FANTECH BLUE ( 1 ),2026-09-04,23:00 - 00:00,125000,Booked
2140_4414_23:00,2140,RacketGo Citra 5,4414,TEH PUCUK GREEN (2),2026-09-04,23:00 - 00:00,125000,Booked
2140_4422_23:00,2140,RacketGo Citra 5,4422,TELOON PINK (3),2026-09-04,23:00 - 00:00,125000,Available
2140_4423_23:00,2140,RacketGo Citra 5,4423,TERRACOTA (4),2026-09-04,23:00 - 00:00,125000,Available
2318_4891_23:00,2318,Vamos Arena Indonesia,4891,OCTO CIMB Outdoor,2026-09-04,23:00 - 00:00,200000,Available
2318_4892_23:00,2318,Vamos Arena Indonesia,4892,CIMB OCTO Indoor 1,2026-09-04,23:00 - 00:00,200000,Available
2318_10172_23:00,2318,Vamos Arena Indonesia,10172,CIMB OCTO Indoor 2,2026-09-04,23:00 - 00:00,200000,Available
2318_4896_23:00,2318,Vamos Arena Indonesia,4896,Boss Mobil Main Court,2026-09-04,23:00 - 00:00,350000,Available
2318_10175_23:00,2318,Vamos Arena Indonesia,10175,BIOAQUA Indoor 3,2026-09-04,23:00 - 00:00,200000,Available
2318_10176_23:00,2318,Vamos Arena Indonesia,10176,AQUVIVA Indoor 4,2026-09-04,23:00 - 00:00,200000,Available
2318_10177_23:00,2318,Vamos Arena Indonesia,10177,BALIHAI Indoor 5,2026-09-04,23:00 - 00:00,200000,Available
2318_10178_23:00,2318,Vamos Arena Indonesia,10178,ELITE SKIN Indoor 6,2026-09-04,23:00 - 00:00,200000,Available
2318_10173_23:00,2318,Vamos Arena Indonesia,10173,CIMB OCTO Indoor 7,2026-09-04,23:00 - 00:00,200000,Available
2318_10174_23:00,2318,Vamos Arena Indonesia,10174,CIMB OCTO Indoor 8,2026-09-04,23:00 - 00:00,200000,Available
2779_6299_23:00,2779,Zplay Padel,6299,Zplay Padel,2026-09-04,23:00 - 00:00,175000,Available
2779_8046_23:00,2779,Zplay Padel,8046,Lapangan Pickle 1,2026-09-04,23:00 - 00:00,80000,Available
2779_8047_23:00,2779,Zplay Padel,8047,Lapangan Pickle 2,2026-09-04,23:00 - 00:00,80000,Available
2353_4974_23:00,2353,The Level 9 Padel,4974,V I P -  Wimbledon,2026-09-04,23:00 - 00:00,150000,Available
2353_4975_23:00,2353,The Level 9 Padel,4975,V I P - Roland Garros,2026-09-04,23:00 - 00:00,150000,Available
2353_5029_23:00,2353,The Level 9 Padel,5029,Court A,2026-09-04,23:00 - 00:00,150000,Available
2353_5030_23:00,2353,The Level 9 Padel,5030,Court B,2026-09-04,23:00 - 00:00,150000,Available
2353_5053_23:00,2353,The Level 9 Padel,5053,Court C,2026-09-04,23:00 - 00:00,150000,Available
2353_5067_23:00,2353,The Level 9 Padel,5067,Court D,2026-09-04,23:00 - 00:00,150000,Available
2353_5071_23:00,2353,The Level 9 Padel,5071,Court E > High Roof Membrane,2026-09-04,23:00 - 00:00,150000,Available
2353_5072_23:00,2353,The Level 9 Padel,5072,Court F > High Roof Membrane,2026-09-04,23:00 - 00:00,150000,Available
2353_5073_23:00,2353,The Level 9 Padel,5073,Court G,2026-09-04,23:00 - 00:00,150000,Available
2353_5076_23:00,2353,The Level 9 Padel,5076,Court H,2026-09-04,23:00 - 00:00,150000,Available
2353_5077_23:00,2353,The Level 9 Padel,5077,Court K,2026-09-04,23:00 - 00:00,150000,Available
